code1;course1;code2;course2;
EE-310;Microprogrammed Embedded Systems;CS-471;Advanced multiprocessor architecture;
EE-532;Integrated circuits technology;CS-206;Parallelism and concurrency;
EE-583;Spacecraft avionics systems, architectures and processors;CS-471;Advanced multiprocessor architecture;
EE-205;Circuits and systems II;EE-360;Conversion d'énergie;
EE-282;Initiation to electronics;EE-434;Hardware systems modeling;
EE-360;Conversion d'énergie;EE-470;Power systems dynamics;
EE-365;Power electronics;EE-465;Industrial electronics I;
CS-108;Practice of object-oriented programming;CS-305;Software engineering;
CS-207;Projet programmation système;CS-206;Parallelism and concurrency;
EE-205;Circuits and systems II;COM-302;Principles of digital communications;
COM-302;Principles of digital communications;COM-510;Advanced digital communications;
COM-303;Signal processing for communications;EE-451;Image analysis and pattern recognition;
CS-307;Introduction to multiprocessor architecture;CS-309;Projet de systems-on-chip;
EE-399;Project in Electrical Engineering;EE-202;Electronics I;
EE-101;Lab in Electrical enngineering science and technology;COM-302;Principles of digital communications;
EE-280;Electronics;EE-332;Circuits et systèmes électroniques II;
CS-251;Theory of computation;CS-435;Analytic algorithms;
EE-280;Electronics;EE-296;Electrical systems and electronics II;
EE-514;Brain computer interaction;EE-472;Smart grids technologies;
EE-204;Circuits and systems I;EE-520;Advanced analog and RF integrated circuits design I;
EE-332;Circuits et systèmes électroniques II;EE-521;Advanced analog and RF integrated circuits design II;
CS-489;Personal interaction studio;CS-471;Advanced multiprocessor architecture;
CS-322;Introduction to database systems;CS-422;Database systems;
COM-303;Signal processing for communications;CS-413;Computational photography;
COM-500;Statistical signal and data processing through applications;EE-553;Speech processing;
EE-553;Speech processing;COM-302;Principles of digital communications;
CS-330;Artificial intelligence;CS-206;Parallelism and concurrency;
EE-381;Electronics III;EE-518;Analog circuits for biochip;
EE-331;Circuits et systèmes électroniques I;EE-332;Circuits et systèmes électroniques II;
CS-207;Projet programmation système;CS-323;Introduction to operating systems;
EE-295;Electrical systems and electronics I;EE-280;Electronics;
EE-514;Brain computer interaction;EE-554;Automatic speech processing;
CS-171;Logic systems;EE-208;Microcontrollers and digital systems design;
CS-472;Design technologies for integrated systems;EE-434;Hardware systems modeling;
COM-500;Statistical signal and data processing through applications;COM-514;Mathematical foundations of signal processing;
CS-323;Introduction to operating systems;CS-473;Embedded systems;
COM-303;Signal processing for communications;EE-553;Speech processing;
EE-395;Lab in information technologies;EE-553;Speech processing;
COM-500;Statistical signal and data processing through applications;CS-413;Computational photography;
EE-205;Circuits and systems II;EE-425;HF and VHF circuits and techniques I;
CS-250;Algorithms;EE-543;Advanced wireless communications: algorithms and architectures;
EE-350;Signal processing;EE-550;Image and video processing;
EE-331;Circuits et systèmes électroniques I;EE-521;Advanced analog and RF integrated circuits design II;
EE-555;Systems and architectures for signal processing;COM-500;Statistical signal and data processing through applications;
COM-500;Statistical signal and data processing through applications;EE-554;Automatic speech processing;
CS-206;Parallelism and concurrency;CS-212;Reactive programming;
COM-514;Mathematical foundations of signal processing;EE-555;Systems and architectures for signal processing;
EE-520;Advanced analog and RF integrated circuits design I;EE-521;Advanced analog and RF integrated circuits design II;
EE-553;Speech processing;COM-500;Statistical signal and data processing through applications;
EE-205;Circuits and systems II;EE-540;Optical communications;
EE-101;Lab in Electrical enngineering science and technology;EE-382;Electrical machines (for ME);
EE-101;Lab in Electrical enngineering science and technology;COM-514;Mathematical foundations of signal processing;
EE-204;Circuits and systems I;COM-303;Signal processing for communications;
EE-106;Electrical engineering science and technology (Autumn);EE-370;Electric power systems;
COM-415;Audio signal processing and virtual acoustics;EE-555;Systems and architectures for signal processing;
COM-407;TCP/IP networking;CS-206;Parallelism and concurrency;
CS-341;Introduction to computer graphics;CS-440;Advanced computer graphics;
CS-487;Industrial automation;CS-209;Architecture des systems-on-chip;
EE-556;Mathematics of data: from theory to computation;CS-472;Design technologies for integrated systems;
EE-105;Electrical engineering science and technology (Spring);EE-280;Electronics;
CS-173;Conception de systèmes numériques;EE-432;Hardware systems modeling I;
CS-307;Introduction to multiprocessor architecture;CS-206;Parallelism and concurrency;
COM-514;Mathematical foundations of signal processing;CS-413;Computational photography;
EE-280;Electronics;EE-320;Circuits intégrés I;
EE-380;Electronics, Lab.;EE-203;Electronics II;
CS-101;Advanced information, computation, communication I;CS-352;Theoretical computer science;
EE-280;Electronics;EE-465;Industrial electronics I;
CS-207;Projet programmation système;CS-305;Software engineering;
EE-101;Lab in Electrical enngineering science and technology;EE-551;Image communication;
CS-172;Logic systems;EE-208;Microcontrollers and digital systems design;
CS-422;Database systems;CS-423;Distributed information systems;
EE-202;Electronics I;EE-208;Microcontrollers and digital systems design;
COM-511;Software-defined radio: A hands-on course;EE-554;Automatic speech processing;
COM-514;Mathematical foundations of signal processing;EE-451;Image analysis and pattern recognition;
COM-102;Advanced information, computation, communication II;CS-251;Theory of computation;
CS-522;Principles of computer systems;CS-307;Introduction to multiprocessor architecture;
EE-370;Electric power systems;EE-570;Power system restructuring and deregulation;
CS-101;Advanced information, computation, communication I;COM-401;Cryptography and security;
CS-322;Introduction to database systems;EE-472;Smart grids technologies;
EE-553;Speech processing;COM-415;Audio signal processing and virtual acoustics;
EE-350;Signal processing;EE-514;Brain computer interaction;
CS-250;Algorithms;CS-212;Reactive programming;
EE-204;Circuits and systems I;EE-371;Distribution de l'énergie électrique;
EE-201;Electromagnetics II : field computation;EE-345;Radiation and antennas;
EE-371;Distribution de l'énergie électrique;EE-472;Smart grids technologies;
EE-350;Signal processing;EE-554;Automatic speech processing;
CS-430;Intelligent agents;CS-206;Parallelism and concurrency;
CS-208;Computer architecture ;CS-309;Projet de systems-on-chip;
COM-415;Audio signal processing and virtual acoustics;CS-413;Computational photography;
EE-350;Signal processing;COM-514;Mathematical foundations of signal processing;
EE-514;Brain computer interaction;EE-553;Speech processing;
EE-205;Circuits and systems II;EE-550;Image and video processing;
EE-396;Lab in energy conversion;COM-402;Information security and privacy;
EE-399;Project in Electrical Engineering;EE-200;Electromagnetics I : Transmission lines and waves;
CS-450;Advanced algorithms;CS-435;Analytic algorithms;
EE-371;Distribution de l'énergie électrique;EE-382;Electrical machines (for ME);
CS-116;Project in Informatics;EE-380;Electronics, Lab.;
EE-550;Image and video processing;EE-555;Systems and architectures for signal processing;
EE-555;Systems and architectures for signal processing;COM-415;Audio signal processing and virtual acoustics;
COM-415;Audio signal processing and virtual acoustics;EE-551;Image communication;
EE-202;Electronics I;EE-203;Electronics II;
EE-520;Advanced analog and RF integrated circuits design I;EE-295;Electrical systems and electronics I;
CS-472;Design technologies for integrated systems;CS-450;Advanced algorithms;
CS-116;Project in Informatics;CS-471;Advanced multiprocessor architecture;
EE-588;Advanced lab in Electrical Energy Systems;EE-200;Electromagnetics I : Transmission lines and waves;
EE-395;Lab in information technologies;CS-413;Computational photography;
COM-500;Statistical signal and data processing through applications;EE-551;Image communication;
EE-381;Electronics III;EE-203;Electronics II;
EE-207;Measuring systems lab;EE-511;Sensors in medical instrumentation;
COM-500;Statistical signal and data processing through applications;EE-540;Optical communications;
CS-208;Computer architecture ;CS-473;Embedded systems;
EE-204;Circuits and systems I;EE-361;Electrical machines (for EL);
COM-309;Quantum information processing;CS-435;Analytic algorithms;
EE-555;Systems and architectures for signal processing;EE-550;Image and video processing;
CS-250;Algorithms;CS-450;Advanced algorithms;
EE-370;Electric power systems;EE-382;Electrical machines (for ME);
CS-522;Principles of computer systems;CS-309;Projet de systems-on-chip;
EE-512;Biomedical signal processing;EE-550;Image and video processing;
CS-172;Logic systems;EE-334;Conception de systèmes numériques pour EL;
EE-553;Speech processing;EE-451;Image analysis and pattern recognition;
EE-556;Mathematics of data: from theory to computation;CS-455;Topics in theoretical computer science;
EE-381;Electronics III;EE-434;Hardware systems modeling;
CS-250;Algorithms;CS-433;Pattern classification and machine learning;
COM-303;Signal processing for communications;EE-555;Systems and architectures for signal processing;
EE-395;Lab in information technologies;EE-551;Image communication;
CS-473;Embedded systems;CS-471;Advanced multiprocessor architecture;
CS-307;Introduction to multiprocessor architecture;CS-209;Architecture des systems-on-chip;
EE-310;Microprogrammed Embedded Systems;CS-206;Parallelism and concurrency;
EE-204;Circuits and systems I;EE-380;Electronics, Lab.;
EE-350;Signal processing;EE-558;A network tour of data science;
COM-514;Mathematical foundations of signal processing;EE-553;Speech processing;
EE-205;Circuits and systems II;EE-451;Image analysis and pattern recognition;
EE-105;Electrical engineering science and technology (Spring);EE-200;Electromagnetics I : Transmission lines and waves;
EE-512;Biomedical signal processing;COM-415;Audio signal processing and virtual acoustics;
EE-208;Microcontrollers and digital systems design;CS-522;Principles of computer systems;
EE-514;Brain computer interaction;CS-413;Computational photography;
EE-396;Lab in energy conversion;EE-521;Advanced analog and RF integrated circuits design II;
EE-516;Data analysis and model classification;EE-380;Electronics, Lab.;
EE-334;Conception de systèmes numériques pour EL;EE-490;Lab in Acoustics;
EE-320;Circuits intégrés I;EE-520;Advanced analog and RF integrated circuits design I;
EE-204;Circuits and systems I;COM-514;Mathematical foundations of signal processing;
EE-200;Electromagnetics I : Transmission lines and waves;EE-576;Electromagnetic compatibility;
EE-395;Lab in information technologies;COM-514;Mathematical foundations of signal processing;
COM-500;Statistical signal and data processing through applications;EE-472;Smart grids technologies;
EE-295;Electrical systems and electronics I;EE-434;Hardware systems modeling;
COM-516;Markov chains and algorithmic applications;CS-352;Theoretical computer science;
CS-522;Principles of computer systems;CS-209;Architecture des systems-on-chip;
EE-553;Speech processing;EE-555;Systems and architectures for signal processing;
EE-332;Circuits et systèmes électroniques II;EE-434;Hardware systems modeling;
EE-205;Circuits and systems II;EE-371;Distribution de l'énergie électrique;
EE-553;Speech processing;EE-550;Image and video processing;
CS-522;Principles of computer systems;CS-471;Advanced multiprocessor architecture;
EE-399;Project in Electrical Engineering;EE-280;Electronics;
EE-280;Electronics;EE-381;Electronics III;
EE-201;Electromagnetics II : field computation;EE-348;Electroacoustics;
EE-555;Systems and architectures for signal processing;EE-451;Image analysis and pattern recognition;
EE-434;Hardware systems modeling;CS-209;Architecture des systems-on-chip;
EE-101;Lab in Electrical enngineering science and technology;EE-550;Image and video processing;
EE-515;Fundamentals of biosensors and electronic biochips;EE-295;Electrical systems and electronics I;
EE-345;Radiation and antennas;EE-548;Audio;
EE-296;Electrical systems and electronics II;EE-382;Electrical machines (for ME);
EE-201;Electromagnetics II : field computation;EE-340;Introduction to photonics;
EE-381;Electronics III;EE-360;Conversion d'énergie;
EE-101;Lab in Electrical enngineering science and technology;EE-553;Speech processing;
EE-512;Biomedical signal processing;EE-451;Image analysis and pattern recognition;
EE-395;Lab in information technologies;EE-472;Smart grids technologies;
EE-205;Circuits and systems II;EE-555;Systems and architectures for signal processing;
CS-250;Algorithms;COM-308;Internet analytics;
EE-576;Electromagnetic compatibility;EE-345;Radiation and antennas;
EE-295;Electrical systems and electronics I;EE-296;Electrical systems and electronics II;
CS-423;Distributed information systems;CS-401;Applied data analysis;
EE-539;Electric filters;EE-434;Hardware systems modeling;
EE-550;Image and video processing;COM-415;Audio signal processing and virtual acoustics;
EE-331;Circuits et systèmes électroniques I;EE-380;Electronics, Lab.;
EE-204;Circuits and systems I;EE-539;Electric filters;
EE-296;Electrical systems and electronics II;EE-203;Electronics II;
EE-280;Electronics;EE-520;Advanced analog and RF integrated circuits design I;
CS-435;Analytic algorithms;CS-450;Advanced algorithms;
CS-209;Architecture des systems-on-chip;CS-320;Computer language processing;
EE-208;Microcontrollers and digital systems design;CS-209;Architecture des systems-on-chip;
EE-334;Conception de systèmes numériques pour EL;CS-309;Projet de systems-on-chip;
CS-101;Advanced information, computation, communication I;CS-320;Computer language processing;
EE-555;Systems and architectures for signal processing;EE-472;Smart grids technologies;
CS-320;Computer language processing;CS-522;Principles of computer systems;
EE-106;Electrical engineering science and technology (Autumn);EE-202;Electronics I;
EE-350;Signal processing;EE-512;Biomedical signal processing;
EE-514;Brain computer interaction;EE-551;Image communication;
EE-360;Conversion d'énergie;EE-456;Hydropower plants : generating and pumping units;
EE-370;Electric power systems;EE-470;Power systems dynamics;
COM-407;TCP/IP networking;CS-471;Advanced multiprocessor architecture;
EE-205;Circuits and systems II;EE-348;Electroacoustics;
COM-514;Mathematical foundations of signal processing;EE-472;Smart grids technologies;
EE-201;Electromagnetics II : field computation;EE-576;Electromagnetic compatibility;
COM-511;Software-defined radio: A hands-on course;COM-514;Mathematical foundations of signal processing;
COM-303;Signal processing for communications;COM-415;Audio signal processing and virtual acoustics;
COM-415;Audio signal processing and virtual acoustics;EE-553;Speech processing;
EE-548;Audio;EE-360;Conversion d'énergie;
CS-433;Pattern classification and machine learning;CS-401;Applied data analysis;
EE-280;Electronics;EE-472;Smart grids technologies;
EE-331;Circuits et systèmes électroniques I;EE-330;IC design II;
EE-280;Electronics;EE-511;Sensors in medical instrumentation;
CS-173;Conception de systèmes numériques;EE-334;Conception de systèmes numériques pour EL;
COM-500;Statistical signal and data processing through applications;COM-302;Principles of digital communications;
CS-116;Project in Informatics;CS-320;Computer language processing;
CS-108;Practice of object-oriented programming;CS-322;Introduction to database systems;
EE-350;Signal processing;EE-472;Smart grids technologies;
CS-172;Logic systems;CS-473;Embedded systems;
EE-539;Electric filters;EE-280;Electronics;
EE-588;Advanced lab in Electrical Energy Systems;EE-280;Electronics;
CS-171;Logic systems;EE-432;Hardware systems modeling I;
CS-322;Introduction to database systems;CS-413;Computational photography;
COM-511;Software-defined radio: A hands-on course;EE-553;Speech processing;
CS-307;Introduction to multiprocessor architecture;CS-471;Advanced multiprocessor architecture;
EE-465;Industrial electronics I;EE-565;Industrial electronics II;
COM-514;Mathematical foundations of signal processing;EE-551;Image communication;
EE-280;Electronics;EE-466;Energy storage systems;
EE-280;Electronics;EE-360;Conversion d'énergie;
EE-361;Electrical machines (for EL);EE-200;Electromagnetics I : Transmission lines and waves;
CS-305;Software engineering;CS-522;Principles of computer systems;
COM-303;Signal processing for communications;COM-500;Statistical signal and data processing through applications;
EE-105;Electrical engineering science and technology (Spring);EE-202;Electronics I;
CS-212;Reactive programming;CS-321;Informatique du temps réel;
CS-352;Theoretical computer science;CS-450;Advanced algorithms;
EE-330;IC design II;EE-434;Hardware systems modeling;
EE-553;Speech processing;EE-540;Optical communications;
EE-556;Mathematics of data: from theory to computation;COM-308;Internet analytics;
CS-308;Calcul quantique;EE-434;Hardware systems modeling;
EE-550;Image and video processing;EE-540;Optical communications;
EE-204;Circuits and systems I;EE-370;Electric power systems;
COM-407;TCP/IP networking;CS-320;Computer language processing;
CS-323;Introduction to operating systems;CS-323;Introduction to operating systems;
EE-521;Advanced analog and RF integrated circuits design II;EE-434;Hardware systems modeling;
CS-330;Artificial intelligence;CS-430;Intelligent agents;
EE-588;Advanced lab in Electrical Energy Systems;EE-382;Electrical machines (for ME);
EE-381;Electronics III;EE-320;Circuits intégrés I;
EE-200;Electromagnetics I : Transmission lines and waves;EE-345;Radiation and antennas;
EE-514;Brain computer interaction;COM-302;Principles of digital communications;
EE-576;Electromagnetic compatibility;EE-445;Microwaves;
EE-280;Electronics;EE-518;Analog circuits for biochip;
EE-350;Signal processing;EE-551;Image communication;
EE-514;Brain computer interaction;EE-451;Image analysis and pattern recognition;
EE-550;Image and video processing;COM-500;Statistical signal and data processing through applications;
COM-303;Signal processing for communications;EE-550;Image and video processing;
COM-511;Software-defined radio: A hands-on course;CS-413;Computational photography;
CS-420;Advanced compiler construction;CS-522;Principles of computer systems;
EE-442;Wireless receivers: algorithms and architectures;EE-543;Advanced wireless communications: algorithms and architectures;
EE-555;Systems and architectures for signal processing;EE-540;Optical communications;
EE-515;Fundamentals of biosensors and electronic biochips;EE-380;Electronics, Lab.;
CS-434;Unsupervised and reinforcement learning in neural networks;CS-352;Theoretical computer science;
CS-207;Projet programmation système;CS-207;Projet programmation système;
EE-101;Lab in Electrical enngineering science and technology;EE-472;Smart grids technologies;
EE-101;Lab in Electrical enngineering science and technology;EE-361;Electrical machines (for EL);
EE-105;Electrical engineering science and technology (Spring);EE-382;Electrical machines (for ME);
COM-302;Principles of digital communications;COM-511;Software-defined radio: A hands-on course;
EE-420;Analog circuits design I;EE-421;Analog circuits design II;
CS-206;Parallelism and concurrency;CS-451;Distributed algorithms;
COM-511;Software-defined radio: A hands-on course;EE-540;Optical communications;
CS-452;Foundations of software;CS-522;Principles of computer systems;
COM-500;Statistical signal and data processing through applications;EE-451;Image analysis and pattern recognition;
CS-209;Architecture des systems-on-chip;CS-206;Parallelism and concurrency;
COM-302;Principles of digital communications;COM-405;Mobile networks;
COM-301;Network security;COM-405;Mobile networks;
CS-471;Advanced multiprocessor architecture;CS-206;Parallelism and concurrency;
EE-556;Mathematics of data: from theory to computation;CS-433;Pattern classification and machine learning;
CS-322;Introduction to database systems;CS-423;Distributed information systems;
EE-514;Brain computer interaction;COM-500;Statistical signal and data processing through applications;
CS-489;Personal interaction studio;EE-360;Conversion d'énergie;
EE-295;Electrical systems and electronics I;EE-203;Electronics II;
CS-322;Introduction to database systems;CS-522;Principles of computer systems;
COM-511;Software-defined radio: A hands-on course;EE-551;Image communication;
EE-310;Microprogrammed Embedded Systems;EE-397;Lab in digital systems design;
EE-465;Industrial electronics I;EE-472;Smart grids technologies;
EE-200;Electromagnetics I : Transmission lines and waves;EE-445;Microwaves;
EE-201;Electromagnetics II : field computation;EE-445;Microwaves;
CS-307;Introduction to multiprocessor architecture;CS-522;Principles of computer systems;
EE-556;Mathematics of data: from theory to computation;CS-352;Theoretical computer science;
CS-410;Technology ventures in IC;CS-486;Human computer interaction;
CS-250;Algorithms;CS-455;Topics in theoretical computer science;
EE-516;Data analysis and model classification;EE-514;Brain computer interaction;
EE-205;Circuits and systems II;EE-548;Audio;
EE-370;Electric power systems;EE-472;Smart grids technologies;
COM-510;Advanced digital communications;COM-511;Software-defined radio: A hands-on course;
EE-101;Lab in Electrical enngineering science and technology;EE-451;Image analysis and pattern recognition;
EE-512;Biomedical signal processing;EE-555;Systems and architectures for signal processing;
EE-360;Conversion d'énergie;EE-466;Energy storage systems;
CS-522;Principles of computer systems;CS-320;Computer language processing;
EE-555;Systems and architectures for signal processing;COM-302;Principles of digital communications;
EE-101;Lab in Electrical enngineering science and technology;CS-413;Computational photography;
EE-395;Lab in information technologies;EE-554;Automatic speech processing;
EE-295;Electrical systems and electronics I;EE-382;Electrical machines (for ME);
CS-207;Projet programmation système;CS-212;Reactive programming;
EE-206;Measuring systems;EE-511;Sensors in medical instrumentation;
EE-442;Wireless receivers: algorithms and architectures;CS-451;Distributed algorithms;
CS-341;Introduction to computer graphics;CS-472;Design technologies for integrated systems;
EE-208;Microcontrollers and digital systems design;CS-206;Parallelism and concurrency;
COM-511;Software-defined radio: A hands-on course;COM-500;Statistical signal and data processing through applications;
CS-212;Reactive programming;CS-450;Advanced algorithms;
CS-442;Computer vision;CS-413;Computational photography;
COM-511;Software-defined radio: A hands-on course;EE-451;Image analysis and pattern recognition;
COM-514;Mathematical foundations of signal processing;EE-554;Automatic speech processing;
CS-251;Theory of computation;CS-455;Topics in theoretical computer science;
CS-308;Calcul quantique;CS-352;Theoretical computer science;
CS-422;Database systems;CS-522;Principles of computer systems;
CS-173;Conception de systèmes numériques;CS-413;Computational photography;
EE-350;Signal processing;EE-540;Optical communications;
EE-371;Distribution de l'énergie électrique;EE-360;Conversion d'énergie;
COM-514;Mathematical foundations of signal processing;EE-550;Image and video processing;
CS-420;Advanced compiler construction;CS-206;Parallelism and concurrency;
CS-473;Embedded systems;EE-397;Lab in digital systems design;
EE-361;Electrical machines (for EL);EE-280;Electronics;
CS-307;Introduction to multiprocessor architecture;CS-320;Computer language processing;
CS-111;Programmation;CS-112;Programmation II;
EE-553;Speech processing;CS-413;Computational photography;
EE-555;Systems and architectures for signal processing;CS-206;Parallelism and concurrency;
EE-348;Electroacoustics;EE-296;Electrical systems and electronics II;
EE-556;Mathematics of data: from theory to computation;CS-212;Reactive programming;
EE-558;A network tour of data science;CS-352;Theoretical computer science;
CS-323;Introduction to operating systems;CS-522;Principles of computer systems;
EE-320;Circuits intégrés I;EE-330;IC design II;
COM-415;Audio signal processing and virtual acoustics;COM-500;Statistical signal and data processing through applications;
EE-101;Lab in Electrical enngineering science and technology;COM-415;Audio signal processing and virtual acoustics;
EE-350;Signal processing;CS-413;Computational photography;
EE-371;Distribution de l'énergie électrique;EE-280;Electronics;
COM-511;Software-defined radio: A hands-on course;EE-555;Systems and architectures for signal processing;
EE-204;Circuits and systems I;EE-548;Audio;
CS-341;Introduction to computer graphics;CS-212;Reactive programming;
COM-301;Network security;COM-401;Cryptography and security;
EE-396;Lab in energy conversion;EE-470;Power systems dynamics;
EE-539;Electric filters;EE-382;Electrical machines (for ME);
EE-553;Speech processing;EE-551;Image communication;
CS-341;Introduction to computer graphics;CS-206;Parallelism and concurrency;
EE-420;Analog circuits design I;EE-434;Hardware systems modeling;
EE-512;Biomedical signal processing;COM-302;Principles of digital communications;
COM-415;Audio signal processing and virtual acoustics;COM-514;Mathematical foundations of signal processing;
COM-415;Audio signal processing and virtual acoustics;EE-540;Optical communications;
EE-101;Lab in Electrical enngineering science and technology;EE-555;Systems and architectures for signal processing;
EE-310;Microprogrammed Embedded Systems;CS-489;Personal interaction studio;
EE-280;Electronics;EE-536;Physical models for micro and nanosystems;
EE-334;Conception de systèmes numériques pour EL;EE-432;Hardware systems modeling I;
CS-208;Computer architecture ;CS-320;Computer language processing;
EE-350;Signal processing;EE-553;Speech processing;
EE-101;Lab in Electrical enngineering science and technology;EE-200;Electromagnetics I : Transmission lines and waves;
CS-305;Software engineering;EE-310;Microprogrammed Embedded Systems;
EE-280;Electronics;EE-333;Dispositifs micro- nanoélectroniques;
CS-209;Architecture des systems-on-chip;CS-307;Introduction to multiprocessor architecture;
CS-107;Introduction to programming;CS-489;Personal interaction studio;
COM-401;Cryptography and security;COM-501;Advanced cryptography;
EE-365;Power electronics;EE-466;Energy storage systems;
EE-465;Industrial electronics I;EE-203;Electronics II;
EE-556;Mathematics of data: from theory to computation;CS-206;Parallelism and concurrency;
EE-396;Lab in energy conversion;EE-555;Systems and architectures for signal processing;
EE-205;Circuits and systems II;EE-551;Image communication;
EE-106;Electrical engineering science and technology (Autumn);EE-382;Electrical machines (for ME);
EE-399;Project in Electrical Engineering;EE-382;Electrical machines (for ME);
CS-209;Architecture des systems-on-chip;CS-522;Principles of computer systems;
EE-512;Biomedical signal processing;EE-540;Optical communications;
EE-550;Image and video processing;COM-302;Principles of digital communications;
EE-550;Image and video processing;COM-514;Mathematical foundations of signal processing;
EE-553;Speech processing;COM-514;Mathematical foundations of signal processing;
CS-453;Concurrent algorithms;CS-451;Distributed algorithms;
EE-396;Lab in energy conversion;EE-365;Power electronics;
COM-303;Signal processing for communications;EE-472;Smart grids technologies;
EE-332;Circuits et systèmes électroniques II;EE-330;IC design II;
COM-500;Statistical signal and data processing through applications;EE-550;Image and video processing;
EE-425;HF and VHF circuits and techniques I;EE-525;HF and VHF circuits and techniques II;
COM-309;Quantum information processing;CS-352;Theoretical computer science;
EE-550;Image and video processing;EE-554;Automatic speech processing;
CS-434;Unsupervised and reinforcement learning in neural networks;CS-433;Pattern classification and machine learning;
CS-107;Introduction to programming;CS-321;Informatique du temps réel;
CS-173;Conception de systèmes numériques;CS-309;Projet de systems-on-chip;
CS-330;Artificial intelligence;CS-472;Design technologies for integrated systems;
EE-512;Biomedical signal processing;COM-500;Statistical signal and data processing through applications;
CS-250;Algorithms;CS-251;Theory of computation;
CS-473;Embedded systems;EE-555;Systems and architectures for signal processing;
CS-330;Artificial intelligence;CS-450;Advanced algorithms;
EE-332;Circuits et systèmes électroniques II;EE-380;Electronics, Lab.;
EE-370;Electric power systems;EE-200;Electromagnetics I : Transmission lines and waves;
CS-208;Computer architecture ;CS-470;Advanced computer architecture;
EE-101;Lab in Electrical enngineering science and technology;EE-540;Optical communications;
CS-422;Database systems;EE-472;Smart grids technologies;
EE-555;Systems and architectures for signal processing;EE-551;Image communication;
EE-205;Circuits and systems II;COM-514;Mathematical foundations of signal processing;
CS-473;Embedded systems;CS-489;Personal interaction studio;
EE-514;Brain computer interaction;EE-555;Systems and architectures for signal processing;
EE-205;Circuits and systems II;COM-500;Statistical signal and data processing through applications;
EE-553;Speech processing;EE-472;Smart grids technologies;
EE-206;Measuring systems;EE-207;Measuring systems lab;
COM-303;Signal processing for communications;COM-514;Mathematical foundations of signal processing;
EE-295;Electrical systems and electronics I;EE-425;HF and VHF circuits and techniques I;
COM-415;Audio signal processing and virtual acoustics;EE-472;Smart grids technologies;
EE-310;Microprogrammed Embedded Systems;CS-522;Principles of computer systems;
CS-171;Logic systems;EE-334;Conception de systèmes numériques pour EL;
CS-212;Reactive programming;CS-206;Parallelism and concurrency;
COM-415;Audio signal processing and virtual acoustics;EE-554;Automatic speech processing;
EE-397;Lab in digital systems design;EE-334;Conception de systèmes numériques pour EL;
EE-554;Automatic speech processing;EE-555;Systems and architectures for signal processing;
EE-558;A network tour of data science;CS-435;Analytic algorithms;
COM-303;Signal processing for communications;EE-554;Automatic speech processing;
EE-332;Circuits et systèmes électroniques II;EE-520;Advanced analog and RF integrated circuits design I;
CS-471;Advanced multiprocessor architecture;CS-320;Computer language processing;
CS-250;Algorithms;COM-401;Cryptography and security;
EE-205;Circuits and systems II;EE-472;Smart grids technologies;
EE-555;Systems and architectures for signal processing;COM-514;Mathematical foundations of signal processing;
CS-352;Theoretical computer science;CS-320;Computer language processing;
EE-205;Circuits and systems II;EE-332;Circuits et systèmes électroniques II;
EE-565;Industrial electronics II;EE-203;Electronics II;
EE-512;Biomedical signal processing;COM-514;Mathematical foundations of signal processing;
CS-470;Advanced computer architecture;CS-522;Principles of computer systems;
CS-473;Embedded systems;CS-522;Principles of computer systems;
CS-330;Artificial intelligence;CS-212;Reactive programming;
CS-208;Computer architecture ;CS-522;Principles of computer systems;
EE-421;Analog circuits design II;EE-434;Hardware systems modeling;
EE-350;Signal processing;COM-500;Statistical signal and data processing through applications;
EE-280;Electronics;EE-208;Microcontrollers and digital systems design;
EE-280;Electronics;EE-539;Electric filters;
CS-107;Introduction to programming;CS-305;Software engineering;
CS-208;Computer architecture ;CS-209;Architecture des systems-on-chip;
COM-407;TCP/IP networking;CS-522;Principles of computer systems;
EE-397;Lab in digital systems design;EE-432;Hardware systems modeling I;
EE-550;Image and video processing;CS-413;Computational photography;
EE-381;Electronics III;EE-333;Dispositifs micro- nanoélectroniques;
EE-280;Electronics;CS-473;Embedded systems;
CS-208;Computer architecture ;CS-307;Introduction to multiprocessor architecture;
EE-280;Electronics;EE-434;Hardware systems modeling;
COM-511;Software-defined radio: A hands-on course;EE-550;Image and video processing;
EE-106;Electrical engineering science and technology (Autumn);EE-200;Electromagnetics I : Transmission lines and waves;
EE-360;Conversion d'énergie;EE-365;Power electronics;
EE-516;Data analysis and model classification;EE-295;Electrical systems and electronics I;
CS-206;Parallelism and concurrency;CS-305;Software engineering;
CS-116;Project in Informatics;EE-295;Electrical systems and electronics I;
EE-101;Lab in Electrical enngineering science and technology;EE-280;Electronics;
EE-200;Electromagnetics I : Transmission lines and waves;EE-340;Introduction to photonics;
CS-101;Advanced information, computation, communication I;CS-433;Pattern classification and machine learning;
EE-280;Electronics;EE-203;Electronics II;
EE-350;Signal processing;COM-302;Principles of digital communications;
EE-280;Electronics;CS-489;Personal interaction studio;
CS-211;Introduction to visual computing;CS-328;Numerical methods for visual computing;
EE-204;Circuits and systems I;EE-521;Advanced analog and RF integrated circuits design II;
EE-550;Image and video processing;EE-553;Speech processing;
EE-348;Electroacoustics;EE-360;Conversion d'énergie;
EE-332;Circuits et systèmes électroniques II;EE-539;Electric filters;
EE-296;Electrical systems and electronics II;EE-200;Electromagnetics I : Transmission lines and waves;
EE-280;Electronics;EE-521;Advanced analog and RF integrated circuits design II;
EE-350;Signal processing;EE-555;Systems and architectures for signal processing;
EE-101;Lab in Electrical enngineering science and technology;EE-202;Electronics I;
EE-295;Electrical systems and electronics I;EE-200;Electromagnetics I : Transmission lines and waves;
CS-172;Logic systems;EE-434;Hardware systems modeling;
COM-303;Signal processing for communications;COM-302;Principles of digital communications;
EE-280;Electronics;EE-331;Circuits et systèmes électroniques I;
CS-209;Architecture des systems-on-chip;CS-309;Projet de systems-on-chip;
CS-250;Algorithms;CS-453;Concurrent algorithms;
CS-101;Advanced information, computation, communication I;CS-450;Advanced algorithms;
EE-514;Brain computer interaction;EE-550;Image and video processing;
CS-250;Algorithms;CS-435;Analytic algorithms;
EE-205;Circuits and systems II;EE-553;Speech processing;
EE-342;Systèmes de télécommunications;EE-442;Wireless receivers: algorithms and architectures;
CS-471;Advanced multiprocessor architecture;CS-522;Principles of computer systems;
EE-514;Brain computer interaction;COM-415;Audio signal processing and virtual acoustics;
EE-348;Electroacoustics;EE-548;Audio;
CS-116;Project in Informatics;CS-489;Personal interaction studio;
COM-514;Mathematical foundations of signal processing;COM-500;Statistical signal and data processing through applications;
EE-332;Circuits et systèmes électroniques II;EE-425;HF and VHF circuits and techniques I;
COM-512;Networks out of control;CS-450;Advanced algorithms;
EE-204;Circuits and systems I;EE-348;Electroacoustics;
CS-173;Conception de systèmes numériques;EE-397;Lab in digital systems design;
COM-415;Audio signal processing and virtual acoustics;COM-302;Principles of digital communications;
COM-500;Statistical signal and data processing through applications;COM-415;Audio signal processing and virtual acoustics;
EE-296;Electrical systems and electronics II;EE-280;Electronics;
EE-320;Circuits intégrés I;EE-490;Lab in Acoustics;
CS-328;Numerical methods for visual computing;CS-413;Computational photography;
CS-471;Advanced multiprocessor architecture;CS-307;Introduction to multiprocessor architecture;
EE-204;Circuits and systems I;EE-360;Conversion d'énergie;
CS-172;Logic systems;CS-209;Architecture des systems-on-chip;
EE-555;Systems and architectures for signal processing;EE-553;Speech processing;
EE-395;Lab in information technologies;COM-415;Audio signal processing and virtual acoustics;
CS-250;Algorithms;CS-451;Distributed algorithms;
EE-350;Signal processing;EE-451;Image analysis and pattern recognition;
CS-211;Introduction to visual computing;CS-444;Virtual reality;
CS-206;Parallelism and concurrency;CS-323;Introduction to operating systems;
EE-554;Automatic speech processing;CS-472;Design technologies for integrated systems;
CS-108;Practice of object-oriented programming;CS-321;Informatique du temps réel;
COM-303;Signal processing for communications;EE-512;Biomedical signal processing;
EE-512;Biomedical signal processing;EE-551;Image communication;
EE-556;Mathematics of data: from theory to computation;EE-555;Systems and architectures for signal processing;
EE-204;Circuits and systems I;COM-510;Advanced digital communications;
CS-341;Introduction to computer graphics;CS-444;Virtual reality;
CS-111;Programmation;CS-321;Informatique du temps réel;
EE-598;Advanced lab in Electrical Engineering;EE-200;Electromagnetics I : Transmission lines and waves;
EE-558;A network tour of data science;CS-212;Reactive programming;
EE-395;Lab in information technologies;EE-550;Image and video processing;
COM-415;Audio signal processing and virtual acoustics;EE-550;Image and video processing;
EE-518;Analog circuits for biochip;EE-521;Advanced analog and RF integrated circuits design II;
EE-350;Signal processing;CS-352;Theoretical computer science;
CS-172;Logic systems;EE-432;Hardware systems modeling I;
CS-452;Foundations of software;CS-422;Database systems;
EE-334;Conception de systèmes numériques pour EL;EE-397;Lab in digital systems design;
EE-514;Brain computer interaction;COM-514;Mathematical foundations of signal processing;
EE-512;Biomedical signal processing;CS-413;Computational photography;
EE-100;Electrical engineering science and technology (Autumn);EE-202;Electronics I;
COM-511;Software-defined radio: A hands-on course;COM-415;Audio signal processing and virtual acoustics;
EE-539;Electric filters;EE-200;Electromagnetics I : Transmission lines and waves;
EE-106;Electrical engineering science and technology (Autumn);EE-280;Electronics;
EE-320;Circuits intégrés I;EE-521;Advanced analog and RF integrated circuits design II;
CS-430;Intelligent agents;CS-212;Reactive programming;
CS-101;Advanced information, computation, communication I;CS-251;Theory of computation;
EE-553;Speech processing;EE-554;Automatic speech processing;
EE-204;Circuits and systems I;EE-434;Hardware systems modeling;
EE-432;Hardware systems modeling I;CS-206;Parallelism and concurrency;
COM-511;Software-defined radio: A hands-on course;COM-302;Principles of digital communications;
EE-200;Electromagnetics I : Transmission lines and waves;EE-348;Electroacoustics;
EE-280;Electronics;EE-380;Electronics, Lab.;
EE-598;Advanced lab in Electrical Engineering;EE-202;Electronics I;
CS-250;Algorithms;CS-206;Parallelism and concurrency;
EE-554;Automatic speech processing;CS-212;Reactive programming;
CS-208;Computer architecture ;CS-471;Advanced multiprocessor architecture;
EE-350;Signal processing;COM-415;Audio signal processing and virtual acoustics;
EE-512;Biomedical signal processing;EE-472;Smart grids technologies;
EE-381;Electronics III;EE-331;Circuits et systèmes électroniques I;
CS-208;Computer architecture ;CS-305;Software engineering;
CS-251;Theory of computation;CS-352;Theoretical computer science;
EE-558;A network tour of data science;CS-450;Advanced algorithms;
EE-101;Lab in Electrical enngineering science and technology;EE-554;Automatic speech processing;
COM-401;Cryptography and security;COM-506;Student seminar: security protocols and applications;
COM-514;Mathematical foundations of signal processing;COM-415;Audio signal processing and virtual acoustics;
CS-101;Advanced information, computation, communication I;CS-455;Topics in theoretical computer science;
CS-206;Parallelism and concurrency;CS-307;Introduction to multiprocessor architecture;
EE-205;Circuits and systems II;EE-554;Automatic speech processing;
CS-328;Numerical methods for visual computing;EE-472;Smart grids technologies;
EE-598;Advanced lab in Electrical Engineering;EE-280;Electronics;
CS-420;Advanced compiler construction;CS-489;Personal interaction studio;
EE-395;Lab in information technologies;EE-451;Image analysis and pattern recognition;
EE-205;Circuits and systems II;CS-413;Computational photography;
EE-204;Circuits and systems I;EE-332;Circuits et systèmes électroniques II;
EE-397;Lab in digital systems design;CS-309;Projet de systems-on-chip;
EE-550;Image and video processing;EE-551;Image communication;
EE-382;Electrical machines (for ME);EE-280;Electronics;
CS-208;Computer architecture ;CS-206;Parallelism and concurrency;
CS-341;Introduction to computer graphics;CS-411;Digital education & learning analytics;
EE-395;Lab in information technologies;COM-302;Principles of digital communications;
EE-371;Distribution de l'énergie électrique;EE-200;Electromagnetics I : Transmission lines and waves;
EE-331;Circuits et systèmes électroniques I;EE-539;Electric filters;
COM-415;Audio signal processing and virtual acoustics;EE-451;Image analysis and pattern recognition;
EE-280;Electronics;EE-517;Bio-nano-chip design;
COM-514;Mathematical foundations of signal processing;EE-540;Optical communications;
EE-555;Systems and architectures for signal processing;EE-554;Automatic speech processing;
CS-322;Introduction to database systems;EE-555;Systems and architectures for signal processing;
CS-430;Intelligent agents;CS-472;Design technologies for integrated systems;
EE-555;Systems and architectures for signal processing;CS-413;Computational photography;
EE-361;Electrical machines (for EL);EE-382;Electrical machines (for ME);
EE-512;Biomedical signal processing;EE-554;Automatic speech processing;
EE-330;IC design II;EE-490;Lab in Acoustics;
CS-107;Introduction to programming;CS-108;Practice of object-oriented programming;
COM-303;Signal processing for communications;EE-540;Optical communications;
CS-352;Theoretical computer science;CS-435;Analytic algorithms;
EE-395;Lab in information technologies;EE-540;Optical communications;
COM-303;Signal processing for communications;EE-551;Image communication;
EE-205;Circuits and systems II;EE-380;Electronics, Lab.;
COM-102;Advanced information, computation, communication II;CS-433;Pattern classification and machine learning;
EE-395;Lab in information technologies;EE-555;Systems and architectures for signal processing;
EE-556;Mathematics of data: from theory to computation;CS-435;Analytic algorithms;
EE-342;Systèmes de télécommunications;EE-540;Optical communications;
EE-310;Microprogrammed Embedded Systems;CS-320;Computer language processing;
EE-280;Electronics;EE-565;Industrial electronics II;
EE-382;Electrical machines (for ME);EE-200;Electromagnetics I : Transmission lines and waves;
EE-514;Brain computer interaction;EE-540;Optical communications;
CS-471;Advanced multiprocessor architecture;CS-309;Projet de systems-on-chip;
EE-395;Lab in information technologies;COM-500;Statistical signal and data processing through applications;
EE-280;Electronics;EE-425;HF and VHF circuits and techniques I;
COM-301;Network security;COM-506;Student seminar: security protocols and applications;
COM-511;Software-defined radio: A hands-on course;EE-472;Smart grids technologies;
CS-450;Advanced algorithms;CS-472;Design technologies for integrated systems;
EE-598;Advanced lab in Electrical Engineering;EE-382;Electrical machines (for ME);
EE-512;Biomedical signal processing;EE-553;Speech processing;
EE-550;Image and video processing;EE-472;Smart grids technologies;
CS-321;Informatique du temps réel;COM-413;Real-time networks;
CS-171;Logic systems;EE-330;IC design II;
CS-206;Parallelism and concurrency;CS-207;Projet programmation système;
EE-521;Advanced analog and RF integrated circuits design II;CS-471;Advanced multiprocessor architecture;
CS-341;Introduction to computer graphics;CS-446;Digital 3D Geometry Processing;
CS-308;Calcul quantique;CS-435;Analytic algorithms;
EE-348;Electroacoustics;EE-490;Lab in Acoustics;
EE-208;Microcontrollers and digital systems design;CS-320;Computer language processing;
EE-204;Circuits and systems I;EE-425;HF and VHF circuits and techniques I;
CS-471;Advanced multiprocessor architecture;CS-209;Architecture des systems-on-chip;
CS-323;Introduction to operating systems;CS-422;Database systems;
EE-280;Electronics;EE-519;Bioelectronics and implantable biomedical microelectronics;
CS-250;Algorithms;CS-352;Theoretical computer science;
EE-554;Automatic speech processing;CS-206;Parallelism and concurrency;
COM-514;Mathematical foundations of signal processing;COM-302;Principles of digital communications;
CS-420;Advanced compiler construction;CS-212;Reactive programming;
EE-558;A network tour of data science;CS-206;Parallelism and concurrency;
EE-208;Microcontrollers and digital systems design;EE-334;Conception de systèmes numériques pour EL;
EE-331;Circuits et systèmes électroniques I;EE-425;HF and VHF circuits and techniques I;
EE-208;Microcontrollers and digital systems design;CS-471;Advanced multiprocessor architecture;
EE-331;Circuits et systèmes électroniques I;EE-520;Advanced analog and RF integrated circuits design I;
EE-101;Lab in Electrical enngineering science and technology;COM-500;Statistical signal and data processing through applications;
EE-370;Electric power systems;EE-280;Electronics;
COM-500;Statistical signal and data processing through applications;EE-555;Systems and architectures for signal processing;
EE-550;Image and video processing;EE-451;Image analysis and pattern recognition;
CS-522;Principles of computer systems;CS-206;Parallelism and concurrency;
EE-296;Electrical systems and electronics II;EE-540;Optical communications;
EE-201;Electromagnetics II : field computation;EE-361;Electrical machines (for EL);
EE-280;Electronics;EE-535;Nanoelectronics;
EE-205;Circuits and systems II;COM-415;Audio signal processing and virtual acoustics;
EE-340;Introduction to photonics;EE-440;Photonic systems and technology;
